{
  "0": {
    "precision": 0.6,
    "recall": 0.375,
    "f1-score": 0.4615384615384615,
    "support": 8.0
  },
  "1": {
    "precision": 0.9019607843137255,
    "recall": 0.9583333333333334,
    "f1-score": 0.9292929292929293,
    "support": 48.0
  },
  "accuracy": 0.875,
  "macro avg": {
    "precision": 0.7509803921568627,
    "recall": 0.6666666666666667,
    "f1-score": 0.6954156954156954,
    "support": 56.0
  },
  "weighted avg": {
    "precision": 0.8588235294117647,
    "recall": 0.875,
    "f1-score": 0.8624708624708626,
    "support": 56.0
  },
  "custom_metrics": {
    "roc_auc_score": 0.9609375,
    "matthews_corrcoef": 0.40904799405193093,
    "balanced_accuracy": 0.6666666666666667,
    "log_loss": 0.18468063930221845,
    "overfitting_score": 0.12045454545454548,
    "training_time_seconds": 17.106722354888916
  }
}