{
  "model_type": "KNeighborsClassifier",
  "best_parameters": {
    "knn__metric": "euclidean",
    "knn__n_neighbors": 9,
    "knn__weights": "distance"
  },
  "standard_metrics": {
    "accuracy": 0.875,
    "precision": 0.8588235294117647,
    "recall": 0.875,
    "f1_score": 0.8624708624708626
  },
  "advanced_metrics": {
    "roc_auc": 0.9609375,
    "matthews_corrcoef": 0.40904799405193093,
    "balanced_accuracy": 0.6666666666666667,
    "log_loss": 0.18468063930221845,
    "overfitting_score": 0.12045454545454548
  },
  "training_info": {
    "training_time_seconds": 17.106722354888916,
    "cv_score": 0.8954545454545455,
    "cv_std": 0.030828772650569373,
    "total_combinations_tested": 42
  }
}